insert into brands (id, name) values
(101, 'FEBI BILSTEIN'), (388, 'MOTORAD'), (4010, '555');

insert into articles (ID, SKU, DESCRIPTION, BRAND_ID) values
  (1, '01185', 'Muelle neumático, maletero/compartimento de carga', 101),
  (2, '03087', 'Faldilla guardabarro', 101),
  (3, '30801', 'Faldilla guardabarro', 101),
  (4, ' 02326', 'Tapacubos, ruedas', 101),
  (5, '02440', 'Elemento de control, aire acondicionado', 101),
  (6, '02491', 'Elemento de control, aire acondicionado', 101),
  (7, '04883', 'Válvula de expansión, aire acondicionado', 101),
  (8, '104915', 'Válvula de expansión, aire acondicionado', 101),
  (9, '171259', 'Presostato, aire acondicionado', 101),
  (10, '32808', 'Sensor, temperatura interior', 101),
  (11, '45762', 'Sensor, temperatura interior ', 101),
  (12, '01225', 'Tapa, depósito de combustible febi Plus', 101),
  (13, '01185', 'Muelle neumático, maletero/compartimento de carga ', 101),
  (14, '01655', 'Amortiguador, suspensión de la cabina', 101),
  (15, '01001', 'Engranaje de dirección', 101),
  (16, '01138', 'Fuelle, dirección', 101),
  (17, '01019', 'Juego de zapatas de frenos ', 101),
  (18, '01160', 'Zapata de freno', 101),
  (19, '01510', 'Filtro de aire', 101),
  (20, '01568', 'Filtro de aire', 101),
  (21, '01044', 'Tensor, cadena de distribución', 101),
  (22, '01103', 'Soporte, motor', 101),
  (23, '01111', 'Cojienete de rodillos, columna amortiguación', 101),
  (24, '2001-11', 'Tapa, depósito de combustible', 388),
  (25, '2505-00', 'Tapa, depósito de combustible', 388),
  (26, 'MT300', 'Motorad Kit prueba, presión refrigeración', 388),
  (27, '1025-212', 'Termostato, refrigeración del aceite', 388),
  (28, '1CS105', 'Sensor, posición arbol de levas', 388),
  (29, '1CS109', 'Sensor, posición arbol de levas', 388),
  (30, '1025-212', 'Termostato, refrigeración del aceite', 388),
  (31, 'MO135', 'Tapa de distribuidor, bloque motor', 388),
  (32, '1TS1030', 'Sensor de temperatura de culata', 388),
  (33, ' 1VS101', 'Magneto central, ajuste árbol de levas ', 388),
  (34, '3009-01', 'Junta, carcasa de termostato', 388),
  (35, '1MF101', '1MF101 Medidor de la masa de aire', 388),
  (36, '1MF254', 'Medidor de la masa de aire', 388),
  (37, 'SE-1091', 'Rótula barra de acoplamiento', 4010),
  (38, ' SI-1535', 'Palanca intermedia de dirección', 4010),
  (39, ' SA-1631L', 'Barra oscilante, suspensión de ruedas', 4010),
  (40, 'SB-1371', 'Rótula de suspensión/carga', 4010),
  (41, ' SB-1252', 'Rótula de suspensión/carga', 4010),
  (42, ' SB-1091', 'Rótula de suspensión/carga', 4010),
  (43, 'SL-1635', 'Travesaños/barras, estabilizador', 4010),
  (44, 'SL-1575', 'Travesaños/barras, estabilizador', 4010),
  (45, ' SA-1882L', 'Barra oscilante, suspensión de ruedas', 4010),
  (46, 'SE-T081', 'Rótula barra de acoplamiento', 4010),
  (47, 'SE-S011R', 'Rótula barra de acoplamiento', 4010),
  (48, ' SE-N071R', 'Rótula barra de acoplamiento', 4010),
  (49, 'SE-H541R', 'Rótula barra de acoplamiento ', 4010);

INSERT INTO article_stocks (ARTICLE_ID, QUANTITY, SALE_PRICE, PURCHASE_PRICE) VALUES
      (1, 103, '7562.00', '0.00'),
      (2, 21, '1303.00', '0.00'),
      (3, 70, '2701.00', '0.00'),
      (4, 17, '3138.00', '0.00'),
      (5, 174, '2895.00', '0.00'),
      (6, 65, '5158.00', '0.00'),
      (7, 101, '3999.00', '0.00'),
      (8, 156, '4494.00', '0.00'),
      (9, 104, '6464.00', '0.00'),
      (10, 166, '1153.00', '0.00'),
      (11, 36, '6638.00', '0.00'),
      (12, 219, '3305.00', '0.00'),
      (13, 195, '2711.00', '0.00'),
      (14, 1, '3111.00', '0.00'),
      (15, 7, '7791.00', '0.00'),
      (16, 196, '1684.00', '0.00'),
      (17, 85, '987.00', '0.00'),
      (18, 197, '3078.00', '0.00'),
      (19, 25, '5376.00', '0.00'),
      (20, 181, '3491.00', '0.00'),
      (21, 50, '3453.00', '0.00'),
      (22, 114, '3679.00', '0.00'),
      (23, 21, '4908.00', '0.00'),
      (24, 21, '6242.00', '0.00'),
      (25, 239, '4807.00', '0.00'),
      (26, 155, '7720.00', '0.00'),
      (27, 9, '899.00', '0.00'),
      (28, 50, '4525.00', '0.00'),
      (29, 38, '1873.00', '0.00'),
      (30, 56, '5948.00', '0.00'),
      (31, 228, '6146.00', '0.00'),
      (32, 46, '6391.00', '0.00'),
      (33, 217, '4749.00', '0.00'),
      (34, 205, '1624.00', '0.00'),
      (35, 242, '4588.00', '0.00'),
      (36, 93, '6352.00', '0.00'),
      (37, 227, '4940.00', '0.00'),
      (38, 79, '6200.00', '0.00'),
      (39, 115, '6940.00', '0.00'),
      (40, 115, '6282.00', '0.00'),
      (41, 207, '5325.00', '0.00'),
      (42, 3, '6167.00', '0.00'),
      (43, 153, '2933.00', '0.00'),
      (44, 73, '3481.00', '0.00'),
      (45, 247, '1914.00', '0.00'),
      (46, 123, '5591.00', '0.00'),
      (47, 34, '3440.00', '0.00'),
      (48, 165, '6939.00', '0.00'),
      (49, 16, '923.00', '0.00');

Insert into SALE_STATUS (ID, CODE, DESCRIPTION) values
   (1, 'IN_PROGRESS', 'En progreso'), (2, 'DONE', 'Realizada'), (3, 'CANCELED', 'Cancelada');

insert into roles (ID, DESCRIPTION) values (null, 'BUYER');
insert into users (ID, PASSWORD, USERNAME, ROLE_ID) values (null, '$2a$10$YjJqdiK95EAjYJrUY8dQ7OqtUa60SSc1dms1xgWET2qr/fkkOBYIa',
                                                            'user01', 1);
/**

 */